CODE_ECOLE;DATE_DEB_ENQUETE;DATE_FIN_ENQUETE;NUM_ANNEE_ENQUETE;DEPARTEMENT;REDRESSEMENT;POIDS_SONDAGE;TYPE_ECOLE;TYPE_ENVIRONNEMENT_2C;TYPE_ENVIRONNEMENT_3C;ZONE_CLIMATIQUE_3C;ZONE_CLIMATIQUE_8C
EE06ANP239;2016-03-21;2016-03-25;3;06;OUI;202;Elémentaire;Urbain;Périurbain;H3;H3
EE06GAE230;2016-05-09;2016-05-13;3;06;OUI;202;Elémentaire;Urbain;Rural;H3;H3
EE06GRL225;2016-05-23;2016-05-27;3;06;OUI;202;Elémentaire;Urbain;Périurbain;H3;H3
EE06NIA222;2016-02-22;2016-02-26;3;06;OUI;202;Elémentaire;Urbain;Urbain;H3;H3
EE07CSC204;2015-03-09;2015-03-13;2;07;OUI;101;Elémentaire;Urbain;Périurbain;H2;H2d
EE07LVU120;2014-10-13;2014-10-17;2;07;OUI;101;Elémentaire;Urbain;Rural;H2;H2d
EE07ROD119;2015-02-23;2015-02-27;2;07;OUI;101;Elémentaire;Urbain;Rural;H2;H2d
EE07SEM179;2015-03-02;2015-03-06;2;07;OUI;426;Elémentaire;Rural;Rural;H2;H2d
EE07VIQ113;2014-09-29;2014-10-03;2;07;OUI;426;Elémentaire;Rural;Rural;H2;H2d
EE12COJ122;2014-11-03;2014-11-07;2;12;OUI;330;Elémentaire;Rural;Rural;H2;H2c
EE12ROA193;2015-03-02;2015-03-06;2;12;OUI;157;Elémentaire;Urbain;Périurbain;H2;H2c
EE12ROK169;2015-01-19;2015-01-23;2;12;OUI;157;Elémentaire;Urbain;Périurbain;H2;H2c
EE12ROX205;2015-03-16;2015-03-20;2;12;OUI;157;Elémentaire;Urbain;Périurbain;H2;H2c
EE12SCD184;2015-01-26;2015-01-30;2;12;OUI;330;Elémentaire;Rural;Rural;H2;H2c
EE12SGF125;2014-12-08;2014-12-12;2;12;OUI;330;Elémentaire;Rural;Rural;H2;H2c
EE12SRQ168;2015-01-12;2015-01-16;2;12;OUI;330;Elémentaire;Rural;Rural;H2;H2c
EE13AET078;2013-12-09;2013-12-13;1;13;OUI;227;Elémentaire;Urbain;Périurbain;H3;H3
EE13AUT004;2014-03-24;2014-03-28;1;13;OUI;227;Elémentaire;Urbain;Périurbain;H3;H3
EE13BOC002;2014-02-03;2014-02-07;1;13;OUI;32;Elémentaire;Rural;Rural;H3;H3
EE13LPW003;2013-11-18;2013-11-22;1;13;OUI;227;Elémentaire;Urbain;Rural;H3;H3
EE13MAH102;2014-03-17;2014-03-21;1;13;OUI;227;Elémentaire;Urbain;Urbain;H3;H3
EE13MAM006;2013-06-24;2013-06-28;1;13;OUI;227;Elémentaire;Urbain;Urbain;H3;H3
EE13MAS005;2013-09-16;2013-09-20;1;13;OUI;227;Elémentaire;Urbain;Urbain;H3;H3
EE13ORA001;2014-02-17;2014-02-21;1;13;OUI;32;Elémentaire;Rural;Rural;H3;H3
EE14CAG037;2014-02-24;2014-02-28;1;14;OUI;275;Elémentaire;Urbain;Urbain;H1;H1a
EE14CAU039;2014-03-17;2014-03-21;1;14;OUI;275;Elémentaire;Urbain;Urbain;H1;H1a
EE14CSS036;2014-01-27;2014-01-31;1;14;OUI;275;Elémentaire;Urbain;Périurbain;H1;H1a
EE14MOF034;2013-10-07;2013-10-11;1;14;OUI;385;Elémentaire;Rural;Rural;H1;H1a
EE14SAB087;2014-02-03;2014-02-07;1;14;OUI;385;Elémentaire;Rural;Rural;H1;H1a
EE14SME038;2013-06-24;2013-06-28;1;14;OUI;275;Elémentaire;Urbain;Périurbain;H1;H1a
EE14TLV035;2013-10-14;2013-10-18;1;14;OUI;385;Elémentaire;Rural;Rural;H1;H1a
EE19BLT141;2015-06-15;2015-06-19;2;19;OUI;92;Elémentaire;Urbain;Périurbain;H1;H1c
EE19LIZ144;2014-12-15;2014-12-19;2;19;OUI;566;Elémentaire;Rural;Rural;H1;H1c
EE19SJY186;2015-02-09;2015-02-13;2;19;OUI;566;Elémentaire;Rural;Rural;H1;H1c
EE24CCE275;2016-12-12;2016-12-16;4;24;OUI;80;Elémentaire;Urbain;Périurbain;H2;H2c
EE24LIL323;2017-06-12;2017-06-16;4;24;OUI;531;Elémentaire;Rural;Rural;H2;H2c
EE24MMF283;2017-03-20;2017-03-24;4;24;OUI;80;Elémentaire;Urbain;Périurbain;H2;H2c
EE24PEA281;2016-11-28;2016-12-02;4;24;OUI;80;Elémentaire;Urbain;Urbain;H2;H2c
EE24PEB277;2016-11-21;2016-11-25;4;24;OUI;80;Elémentaire;Urbain;Urbain;H2;H2c
EE24PEF279;2017-01-16;2017-01-20;4;24;OUI;80;Elémentaire;Urbain;Urbain;H2;H2c
EE24PES285;2016-12-05;2016-12-09;4;24;OUI;80;Elémentaire;Urbain;Urbain;H2;H2c
EE24SOS276;2017-03-13;2017-03-17;4;24;OUI;531;Elémentaire;Rural;Rural;H2;H2c
EE29COK236;2016-03-21;2016-03-25;3;29;OUI;317;Elémentaire;Urbain;Périurbain;H2;H2a
EE29COW248;2016-05-09;2016-05-13;3;29;OUI;317;Elémentaire;Urbain;Périurbain;H2;H2a
EE29ELZ245;2016-02-22;2016-02-26;3;29;OUI;222;Elémentaire;Rural;Rural;H2;H2a
EE29LOQ243;2016-01-25;2016-01-29;3;29;OUI;222;Elémentaire;Rural;Rural;H2;H2a
EE29LPY255;2016-04-25;2016-04-29;3;29;OUI;222;Elémentaire;Rural;Périurbain;H2;H2a
EE29QUB266;2016-06-27;2016-07-01;3;29;OUI;317;Elémentaire;Urbain;Périurbain;H2;H2a
EE29QUQ214;2016-03-07;2016-03-11;3;29;OUI;317;Elémentaire;Urbain;Périurbain;H2;H2a
EE29SPH254;2016-04-18;2016-04-22;3;29;OUI;222;Elémentaire;Rural;Rural;H2;H2a
EE29SUN217;2015-11-02;2015-11-06;3;29;OUI;222;Elémentaire;Rural;Rural;H2;H2a
EE36CHH064;2013-12-02;2013-12-06;1;36;OUI;238;Elémentaire;Urbain;Périurbain;H2;H2b
EE36CHU066;2013-11-25;2013-11-29;1;36;OUI;238;Elémentaire;Urbain;Périurbain;H2;H2b
EE36MAF060;2013-11-18;2013-11-22;1;36;OUI;277;Elémentaire;Rural;Rural;H2;H2b
EE36PSS062;2013-09-16;2013-09-20;1;36;OUI;277;Elémentaire;Rural;Rural;H2;H2b
EE37ASI075;2014-03-31;2014-04-04;1;37;OUI;277;Elémentaire;Rural;Rural;H2;H2b
EE37BLK061;2013-06-24;2013-06-28;1;37;OUI;277;Elémentaire;Rural;Rural;H2;H2b
EE37CHX065;2013-10-07;2013-10-11;1;37;OUI;238;Elémentaire;Urbain;Périurbain;H2;H2b
EE37DEU063;2013-09-30;2013-10-04;1;37;OUI;238;Elémentaire;Urbain;Rural;H2;H2b
EE37LUV093;2014-02-10;2014-02-14;1;37;OUI;277;Elémentaire;Rural;Rural;H2;H2b
EE44AEG178;2015-03-23;2015-03-27;2;44;OUI;202;Elémentaire;Rural;Rural;H2;H2b
EE44BGX128;2015-03-02;2015-03-06;2;44;OUI;283;Elémentaire;Urbain;Périurbain;H2;H2b
EE44DOR170;2014-12-01;2014-12-05;2;44;OUI;283;Elémentaire;Urbain;Rural;H2;H2b
EE44GUQ127;2015-01-12;2015-01-16;2;44;OUI;202;Elémentaire;Rural;Rural;H2;H2b
EE44LMR126;2015-01-26;2015-01-30;2;44;OUI;202;Elémentaire;Rural;Rural;H2;H2b
EE44MAG135;2014-11-24;2014-11-28;2;44;OUI;202;Elémentaire;Rural;Rural;H2;H2b
EE44REU131;2014-11-03;2014-11-07;2;44;OUI;283;Elémentaire;Urbain;Périurbain;H2;H2b
EE44RIU134;2015-02-02;2015-02-06;2;44;OUI;202;Elémentaire;Rural;Rural;H2;H2b
EE44TSA136;2014-11-17;2014-11-21;2;44;OUI;283;Elémentaire;Urbain;Rural;H2;H2b
EE46PLM296;2017-05-15;2017-05-19;4;46;OUI;531;Elémentaire;Rural;Rural;H2;H2c
EE61LFU032;2013-12-09;2013-12-13;1;61;OUI;385;Elémentaire;Rural;Rural;H1;H1a
EE61PLY033;2013-09-23;2013-09-27;1;61;OUI;385;Elémentaire;Rural;Rural;H1;H1a
EE62ARL288;2016-12-12;2016-12-16;4;62;OUI;411;Elémentaire;Urbain;Périurbain;H1;H1a
EE62ARN292;2017-01-09;2017-01-13;4;62;OUI;411;Elémentaire;Urbain;Urbain;H1;H1a
EE62BAZ310;2017-02-06;2017-02-10;4;62;NON;sans objet;Elémentaire;Rural;Rural;H1;H1a
EE62BSB324;2017-06-12;2017-06-16;4;62;OUI;344;Elémentaire;Rural;Rural;H1;H1a
EE62FOY313;2017-03-13;2017-03-17;4;62;OUI;344;Elémentaire;Rural;Rural;H1;H1a
EE62LOU298;2017-01-23;2017-01-27;4;62;OUI;411;Elémentaire;Urbain;Périurbain;H1;H1a
EE62SET314;2017-04-24;2017-04-28;4;62;OUI;344;Elémentaire;Rural;Rural;H1;H1a
EE62SSX260;2016-11-21;2016-11-25;4;62;OUI;411;Elémentaire;Urbain;Rural;H1;H1a
EE62VEJ278;2016-11-28;2016-12-02;4;62;OUI;344;Elémentaire;Rural;Rural;H1;H1a
EE67BAX049;2014-05-19;2014-05-23;1;67;OUI;146;Elémentaire;Urbain;Rural;H1;H1b
EE67BOH051;2013-11-25;2013-11-29;1;67;OUI;146;Elémentaire;Urbain;Périurbain;H1;H1b
EE67EPC045;2014-04-07;2014-04-11;1;67;OUI;357;Elémentaire;Rural;Rural;H1;H1b
EE67ESU046;2013-10-14;2013-10-18;1;67;OUI;357;Elémentaire;Rural;Rural;H1;H1b
EE67MAN050;2013-12-02;2013-12-06;1;67;OUI;146;Elémentaire;Urbain;Rural;H1;H1b
EE67OBU044;2013-10-07;2013-10-11;1;67;OUI;357;Elémentaire;Rural;Rural;H1;H1b
EE67SPC047;2014-05-12;2014-05-16;1;67;OUI;357;Elémentaire;Rural;Rural;H1;H1b
EE67STI053;2013-06-17;2013-06-21;1;67;OUI;146;Elémentaire;Urbain;Périurbain;H1;H1b
EE67STR052;2013-09-16;2013-09-20;1;67;OUI;146;Elémentaire;Urbain;Urbain;H1;H1b
EE67WEY048;2013-06-24;2013-06-28;1;67;OUI;146;Elémentaire;Urbain;Périurbain;H1;H1b
EE69CLC274;2017-02-06;2017-02-10;4;69;OUI;82;Elémentaire;Rural;Rural;H1;H1c
EE69GLM286;2017-04-10;2017-04-14;4;69;OUI;82;Elémentaire;Rural;Rural;H1;H1c
EE69LYD262;2016-06-06;2016-06-10;4;69;OUI;342;Elémentaire;Urbain;Urbain;H1;H1c
EE69LYO265;2016-06-06;2016-06-10;4;69;OUI;342;Elémentaire;Urbain;Urbain;H1;H1c
EE69PLE317;2017-05-29;2017-06-02;4;69;OUI;82;Elémentaire;Rural;Rural;H1;H1c
EE69SCJ309;2017-04-10;2017-04-14;4;69;OUI;82;Elémentaire;Rural;Rural;H1;H1c
EE69SDP304;2017-06-12;2017-06-16;4;69;OUI;82;Elémentaire;Rural;Rural;H1;H1c
EE69SJT287;2017-03-27;2017-03-31;4;69;OUI;82;Elémentaire;Rural;Rural;H1;H1c
EE69TLC305;2017-03-27;2017-03-31;4;69;OUI;342;Elémentaire;Urbain;Périurbain;H1;H1c
EE69VEG272;2016-12-05;2016-12-09;4;69;OUI;342;Elémentaire;Urbain;Urbain;H1;H1c
EE70ECE180;2015-03-23;2015-03-27;2;70;OUI;120;Elémentaire;Urbain;Rural;H1;H1b
EE70LVF151;2015-01-12;2015-01-16;2;70;OUI;532;Elémentaire;Rural;Rural;H1;H1b
EE70MAE153;2014-10-13;2014-10-17;2;70;OUI;120;Elémentaire;Urbain;Périurbain;H1;H1b
EE70MAX173;2015-01-19;2015-01-23;2;70;OUI;532;Elémentaire;Rural;Rural;H1;H1b
EE70QUC157;2014-11-17;2014-11-21;2;70;OUI;120;Elémentaire;Urbain;Périurbain;H1;H1b
EE73DOG016;2013-12-02;2013-12-06;1;73;OUI;245;Elémentaire;Urbain;Rural;H1;H1c
EE73MEH017;2013-09-30;2013-10-04;1;73;OUI;245;Elémentaire;Urbain;Périurbain;H1;H1c
EE73SPE014;2014-01-20;2014-01-24;1;73;OUI;223;Elémentaire;Rural;Rural;H1;H1c
EE74ANX015;2014-02-24;2014-02-28;1;74;OUI;245;Elémentaire;Urbain;Périurbain;H1;H1c
EE74BRK013;2013-11-04;2013-11-08;1;74;OUI;223;Elémentaire;Rural;Rural;H1;H1c
EE74CHN107;2014-03-31;2014-04-04;1;74;OUI;223;Elémentaire;Rural;Rural;H1;H1c
EE74CSV108;2014-04-14;2014-04-18;1;74;OUI;223;Elémentaire;Rural;Rural;H1;H1c
EE74SAJ018;2013-09-16;2013-09-20;1;74;OUI;245;Elémentaire;Urbain;Périurbain;H1;H1c
EE74SEI012;2013-06-24;2013-06-28;1;74;OUI;223;Elémentaire;Rural;Rural;H1;H1c
EE75PAK211;2016-04-04;2016-04-08;3;75;OUI;231;Elémentaire;Urbain;Urbain;H1;H1a
EE75PAM210;2016-05-23;2016-05-27;3;75;OUI;231;Elémentaire;Urbain;Urbain;H1;H1a
EE75PAP160;2014-12-08;2014-12-12;2;75;OUI;231;Elémentaire;Urbain;Urbain;H1;H1a
EE81LAQ175;2014-11-24;2014-11-28;2;81;OUI;157;Elémentaire;Urbain;Périurbain;H2;H2c
EE83DRA240;2016-04-25;2016-04-29;3;83;OUI;202;Elémentaire;Urbain;Périurbain;H3;H3
EE83GRU234;2015-11-23;2015-11-27;3;83;NON;sans objet;Elémentaire;Urbain;Périurbain;H3;H3
EE83TOC226;2015-11-02;2015-11-06;3;83;OUI;202;Elémentaire;Urbain;Urbain;H3;H3
EE87LIU187;2015-01-19;2015-01-23;2;87;OUI;92;Elémentaire;Urbain;Périurbain;H1;H1c
EE87LIV172;2014-11-17;2014-11-21;2;87;OUI;92;Elémentaire;Urbain;Périurbain;H1;H1c
EE87LIY190;2015-03-16;2015-03-20;2;87;OUI;92;Elémentaire;Urbain;Périurbain;H1;H1c
EE87SBS146;2014-11-24;2014-11-28;2;87;OUI;566;Elémentaire;Rural;Rural;H1;H1c
EE87SJL198;2015-03-23;2015-03-27;2;87;OUI;92;Elémentaire;Urbain;Périurbain;H1;H1c
EE87SYG174;2014-12-08;2014-12-12;2;87;OUI;92;Elémentaire;Urbain;Périurbain;H1;H1c
EE88BST176;2015-02-23;2015-02-27;2;88;OUI;532;Elémentaire;Rural;Rural;H1;H1b
EE88NEX156;2014-11-24;2014-11-28;2;88;OUI;120;Elémentaire;Urbain;Périurbain;H1;H1b
EE88SAL181;2015-03-02;2015-03-06;2;88;OUI;120;Elémentaire;Urbain;Rural;H1;H1b
EE88SDD197;2015-03-09;2015-03-13;2;88;OUI;120;Elémentaire;Urbain;Périurbain;H1;H1b
EE88SDF196;2015-06-01;2015-06-05;2;88;OUI;120;Elémentaire;Urbain;Rural;H1;H1b
EE91ALI023;2013-06-17;2013-06-21;1;91;OUI;88;Elémentaire;Rural;Rural;H1;H1a
EE91AMF025;2013-09-30;2013-10-04;1;91;OUI;170;Elémentaire;Urbain;Urbain;H1;H1a
EE91ANQ103;2014-02-10;2014-02-14;1;91;OUI;170;Elémentaire;Urbain;Rural;H1;H1a
EE91GRC109;2014-03-17;2014-03-21;1;91;OUI;170;Elémentaire;Urbain;Périurbain;H1;H1a
EE91LGK024;2013-10-07;2013-10-11;1;91;OUI;88;Elémentaire;Rural;Rural;H1;H1a
EE91LNC069;2013-11-18;2013-11-22;1;91;OUI;170;Elémentaire;Urbain;Périurbain;H1;H1a
EE92ANI208;2015-06-01;2015-06-05;2;92;OUI;231;Elémentaire;Urbain;Urbain;H1;H1a
EE92ANZ163;2015-01-26;2015-01-30;2;92;OUI;231;Elémentaire;Urbain;Urbain;H1;H1a
EE92LPZ164;2014-12-08;2014-12-12;2;92;OUI;231;Elémentaire;Urbain;Urbain;H1;H1a
EE92RUB267;2016-12-12;2016-12-16;4;92;OUI;231;Elémentaire;Urbain;Urbain;H1;H1a
EE92RUL232;2016-06-20;2016-06-24;3;92;OUI;231;Elémentaire;Urbain;Urbain;H1;H1a
EE94CRE027;2013-11-18;2013-11-22;1;94;OUI;170;Elémentaire;Urbain;Urbain;H1;H1a
EE94CRK026;2013-10-14;2013-10-18;1;94;OUI;170;Elémentaire;Urbain;Urbain;H1;H1a
EE94FSE250;2016-03-21;2016-03-25;3;94;OUI;170;Elémentaire;Urbain;Urbain;H1;H1a
EE94FSW252;2016-03-14;2016-03-18;3;94;OUI;170;Elémentaire;Urbain;Urbain;H1;H1a
EE94ISF090;2014-03-17;2014-03-21;1;94;OUI;170;Elémentaire;Urbain;Urbain;H1;H1a
EE94LPN028;2013-09-30;2013-10-04;1;94;OUI;170;Elémentaire;Urbain;Urbain;H1;H1a
EM06ANE224;2016-03-21;2016-03-25;3;06;OUI;145;Maternelle;Urbain;Périurbain;H3;H3
EM06GRM258;2016-05-23;2016-05-27;3;06;OUI;145;Maternelle;Urbain;Périurbain;H3;H3
EM06NIJ221;2016-05-09;2016-05-13;3;06;OUI;145;Maternelle;Urbain;Urbain;H3;H3
EM06NIS238;2016-02-22;2016-02-26;3;06;OUI;145;Maternelle;Urbain;Urbain;H3;H3
EM06NIW220;2016-02-22;2016-02-26;3;06;OUI;145;Maternelle;Urbain;Urbain;H3;H3
EM07ANI166;2015-02-23;2015-02-27;2;07;OUI;59;Maternelle;Urbain;Périurbain;H2;H2d
EM07AUX192;2015-03-23;2015-03-27;2;07;OUI;59;Maternelle;Urbain;Périurbain;H2;H2d
EM07COZ115;2014-11-17;2014-11-21;2;07;OUI;59;Maternelle;Urbain;Rural;H2;H2d
EM07GUB185;2015-03-09;2015-03-13;2;07;OUI;59;Maternelle;Urbain;Périurbain;H2;H2d
EM07GUX114;2014-11-17;2014-11-21;2;07;OUI;59;Maternelle;Urbain;Périurbain;H2;H2d
EM07STY117;2014-10-06;2014-10-10;2;07;OUI;213;Maternelle;Rural;Rural;H2;H2d
EM07VAC116;2014-10-06;2014-10-10;2;07;OUI;213;Maternelle;Rural;Rural;H2;H2d
EM12FLD124;2014-12-15;2014-12-19;2;12;OUI;514;Maternelle;Rural;Rural;H2;H2c
EM12ROL194;2015-03-02;2015-03-06;2;12;OUI;103;Maternelle;Urbain;Périurbain;H2;H2c
EM12ROQ182;2015-02-02;2015-02-06;2;12;OUI;103;Maternelle;Urbain;Périurbain;H2;H2c
EM12SAG123;2014-12-01;2014-12-05;2;12;OUI;103;Maternelle;Urbain;Périurbain;H2;H2c
EM13AEI081;2013-12-16;2013-12-20;1;13;OUI;232;Maternelle;Urbain;Périurbain;H3;H3
EM13AUM079;2014-04-07;2014-04-11;1;13;OUI;19;Maternelle;Rural;Rural;H3;H3
EM13BEY007;2013-10-07;2013-10-11;1;13;OUI;19;Maternelle;Rural;Rural;H3;H3
EM13BLR080;2013-12-02;2013-12-06;1;13;OUI;232;Maternelle;Urbain;Périurbain;H3;H3
EM13BOS110;2014-03-31;2014-04-04;1;13;OUI;19;Maternelle;Rural;Rural;H3;H3
EM13ISB009;2013-11-25;2013-11-29;1;13;OUI;232;Maternelle;Urbain;Périurbain;H3;H3
EM13MAD008;2013-10-14;2013-10-18;1;13;OUI;232;Maternelle;Urbain;Urbain;H3;H3
EM13MAF010;2013-09-23;2013-09-27;1;13;OUI;232;Maternelle;Urbain;Urbain;H3;H3
EM13MAQ011;2013-09-30;2013-10-04;1;13;OUI;232;Maternelle;Urbain;Urbain;H3;H3
EM14CAJ111;2014-05-19;2014-05-23;1;14;OUI;412;Maternelle;Rural;Rural;H1;H1a
EM14CAY104;2014-02-17;2014-02-21;1;14;OUI;188;Maternelle;Urbain;Urbain;H1;H1a
EM14FAR043;2013-11-25;2013-11-29;1;14;OUI;188;Maternelle;Urbain;Périurbain;H1;H1a
EM14HSI071;2014-04-14;2014-04-18;1;14;OUI;188;Maternelle;Urbain;Périurbain;H1;H1a
EM14HSW086;2014-06-02;2014-06-06;1;14;OUI;188;Maternelle;Urbain;Périurbain;H1;H1a
EM14LIM095;2014-03-31;2014-04-04;1;14;OUI;188;Maternelle;Urbain;Périurbain;H1;H1a
EM14VIW096;2014-04-07;2014-04-11;1;14;OUI;188;Maternelle;Urbain;Périurbain;H1;H1a
EM19SSK147;2015-02-16;2015-02-20;2;19;OUI;300;Maternelle;Rural;Rural;H1;H1c
EM19TRN138;2015-06-22;2015-06-26;2;19;OUI;300;Maternelle;Rural;Rural;H1;H1c
EM19VAP145;2015-04-13;2015-04-17;2;19;OUI;300;Maternelle;Rural;Rural;H1;H1c
EM24NOU270;2017-01-23;2017-01-27;4;24;OUI;118;Maternelle;Urbain;Périurbain;H2;H2c
EM24PEV269;2017-01-09;2017-01-13;4;24;OUI;118;Maternelle;Urbain;Urbain;H2;H2c
EM24SAQ290;2017-01-30;2017-02-03;4;24;OUI;118;Maternelle;Urbain;Périurbain;H2;H2c
EM24SGK293;2017-02-06;2017-02-10;4;24;OUI;551;Maternelle;Rural;Rural;H2;H2c
EM24SPU268;2017-02-13;2017-02-17;4;24;OUI;118;Maternelle;Urbain;Périurbain;H2;H2c
EM29BRB231;2016-01-18;2016-01-22;3;29;OUI;151;Maternelle;Rural;Rural;H2;H2a
EM29BRO215;2015-11-23;2015-11-27;3;29;OUI;321;Maternelle;Urbain;Périurbain;H2;H2a
EM29CLG261;2016-06-06;2016-06-10;3;29;OUI;151;Maternelle;Rural;Rural;H2;H2a
EM29COH249;2016-05-09;2016-05-13;3;29;NON;sans objet;Maternelle;Urbain;Périurbain;H2;H2a
EM29CRI212;2015-11-16;2015-11-20;3;29;OUI;321;Maternelle;Urbain;Périurbain;H2;H2a
EM29DIF256;2016-06-20;2016-06-24;3;29;OUI;151;Maternelle;Rural;Rural;H2;H2a
EM29DOA253;2016-03-14;2016-03-18;3;29;OUI;321;Maternelle;Urbain;Périurbain;H2;H2a
EM29GUX213;2015-11-30;2015-12-04;3;29;OUI;321;Maternelle;Urbain;Périurbain;H2;H2a
EM29LPU257;2016-04-25;2016-04-29;3;29;NON;sans objet;Maternelle;Rural;Périurbain;H2;H2a
EM29PLZ219;2016-06-06;2016-06-10;3;29;OUI;151;Maternelle;Rural;Rural;H2;H2a
EM29STX227;2016-02-01;2016-02-05;3;29;OUI;151;Maternelle;Rural;Rural;H2;H2a
EM29TAC218;2015-12-07;2015-12-11;3;29;OUI;151;Maternelle;Rural;Rural;H2;H2a
EM29TOF216;2016-02-29;2016-03-04;3;29;OUI;151;Maternelle;Rural;Rural;H2;H2a
EM36ASM077;2013-12-16;2013-12-20;1;36;OUI;185;Maternelle;Urbain;Périurbain;H2;H2b
EM36NIH082;2013-12-09;2013-12-13;1;36;OUI;264;Maternelle;Rural;Rural;H2;H2b
EM37BOD091;2014-02-03;2014-02-07;1;37;OUI;185;Maternelle;Urbain;Périurbain;H2;H2b
EM37CHA101;2014-04-14;2014-04-18;1;37;OUI;185;Maternelle;Urbain;Périurbain;H2;H2b
EM37ELC067;2013-10-14;2013-10-18;1;37;OUI;264;Maternelle;Rural;Rural;H2;H2b
EM37JLH084;2014-04-07;2014-04-11;1;37;OUI;185;Maternelle;Urbain;Périurbain;H2;H2b
EM37LGB068;2013-09-23;2013-09-27;1;37;OUI;264;Maternelle;Rural;Rural;H2;H2b
EM37PEL099;2014-03-24;2014-03-28;1;37;OUI;185;Maternelle;Urbain;Périurbain;H2;H2b
EM37SPR076;2014-02-17;2014-02-21;1;37;OUI;264;Maternelle;Rural;Rural;H2;H2b
EM44CAQ132;2014-10-06;2014-10-10;2;44;OUI;223;Maternelle;Urbain;Périurbain;H2;H2b
EM44FRK206;2015-03-30;2015-04-03;2;44;OUI;198;Maternelle;Rural;Rural;H2;H2b
EM44LCU202;2015-02-23;2015-02-27;2;44;OUI;198;Maternelle;Rural;Rural;H2;H2b
EM44NAD137;2014-10-13;2014-10-17;2;44;OUI;223;Maternelle;Urbain;Urbain;H2;H2b
EM44NAP200;2015-03-09;2015-03-13;2;44;OUI;223;Maternelle;Urbain;Urbain;H2;H2b
EM44POB130;2014-12-15;2014-12-19;2;44;OUI;223;Maternelle;Urbain;Périurbain;H2;H2b
EM44RON189;2015-03-16;2015-03-20;2;44;OUI;198;Maternelle;Rural;Rural;H2;H2b
EM44SLS207;2015-06-01;2015-06-05;2;44;OUI;198;Maternelle;Rural;Rural;H2;H2b
EM44STP133;2014-12-08;2014-12-12;2;44;OUI;223;Maternelle;Urbain;Périurbain;H2;H2b
EM44VAK129;2015-01-19;2015-01-23;2;44;OUI;198;Maternelle;Rural;Rural;H2;H2b
EM46CAB299;2017-02-27;2017-03-03;4;46;OUI;551;Maternelle;Rural;Rural;H2;H2c
EM48CHM209;2015-06-08;2015-06-12;2;48;OUI;213;Maternelle;Rural;Rural;H2;H2d
EM52CHR149;2015-01-26;2015-01-30;2;52;OUI;294;Maternelle;Rural;Rural;H1;H1b
EM52FOD167;2015-02-16;2015-02-20;2;52;OUI;294;Maternelle;Rural;Rural;H1;H1b
EM52MEJ191;2015-02-02;2015-02-06;2;52;OUI;160;Maternelle;Urbain;Périurbain;H1;H1b
EM52RSN152;2015-02-09;2015-02-13;2;52;OUI;294;Maternelle;Rural;Périurbain;H1;H1b
EM61LCE040;2013-09-30;2013-10-04;1;61;OUI;412;Maternelle;Rural;Rural;H1;H1a
EM61LFX041;2013-12-09;2013-12-13;1;61;OUI;412;Maternelle;Rural;Rural;H1;H1a
EM61RAN042;2013-11-18;2013-11-22;1;61;OUI;412;Maternelle;Rural;Rural;H1;H1a
EM62BAE302;2017-01-30;2017-02-03;4;62;OUI;241;Maternelle;Rural;Rural;H1;H1a
EM62DEK319;2017-05-29;2017-06-02;4;62;OUI;272;Maternelle;Urbain;Périurbain;H1;H1a
EM62FEG282;2016-12-05;2016-12-09;4;62;OUI;272;Maternelle;Urbain;Rural;H1;H1a
EM62GUE311;2017-03-20;2017-03-24;4;62;OUI;241;Maternelle;Rural;Rural;H1;H1a
EM62HAR306;2017-03-06;2017-03-10;4;62;OUI;272;Maternelle;Urbain;Rural;H1;H1a
EM62LAK308;2017-04-03;2017-04-07;4;62;OUI;272;Maternelle;Urbain;Rural;H1;H1a
EM62LOB259;2016-11-14;2016-11-18;4;62;OUI;272;Maternelle;Urbain;Périurbain;H1;H1a
EM62NHD316;2017-05-15;2017-05-19;4;62;OUI;272;Maternelle;Urbain;Périurbain;H1;H1a
EM62SEO315;2017-04-24;2017-04-28;4;62;OUI;241;Maternelle;Rural;Rural;H1;H1a
EM62VEA291;2017-01-16;2017-01-20;4;62;NON;sans objet;Maternelle;Rural;Rural;H1;H1a
EM62WAQ312;2017-03-27;2017-03-31;4;62;OUI;241;Maternelle;Rural;Rural;H1;H1a
EM67BEN059;2014-03-31;2014-04-04;1;67;OUI;164;Maternelle;Urbain;Périurbain;H1;H1b
EM67GOW056;2014-03-24;2014-03-28;1;67;OUI;270;Maternelle;Rural;Rural;H1;H1b
EM67HAF058;2014-02-10;2014-02-14;1;67;OUI;164;Maternelle;Urbain;Périurbain;H1;H1b
EM67MEB083;2014-02-03;2014-02-07;1;67;OUI;270;Maternelle;Rural;Rural;H1;H1b
EM67ROJ054;2013-12-09;2013-12-13;1;67;OUI;270;Maternelle;Rural;Rural;H1;H1b
EM67STA097;2014-06-02;2014-06-06;1;67;OUI;164;Maternelle;Urbain;Périurbain;H1;H1b
EM67STB089;2014-06-16;2014-06-20;1;67;OUI;164;Maternelle;Urbain;Urbain;H1;H1b
EM67STG085;2014-01-27;2014-01-31;1;67;OUI;164;Maternelle;Urbain;Urbain;H1;H1b
EM67SUN057;2013-09-23;2013-09-27;1;67;OUI;164;Maternelle;Urbain;Périurbain;H1;H1b
EM67WEH055;2013-09-30;2013-10-04;1;67;OUI;270;Maternelle;Rural;Rural;H1;H1b
EM69LSI321;2017-06-12;2017-06-16;4;69;OUI;140;Maternelle;Rural;Rural;H1;H1c
EM69LYP263;2016-06-13;2016-06-17;4;69;OUI;281;Maternelle;Urbain;Urbain;H1;H1c
EM69LYR307;2017-05-15;2017-05-19;4;69;OUI;281;Maternelle;Urbain;Urbain;H1;H1c
EM69LYU264;2016-06-13;2016-06-17;4;69;OUI;281;Maternelle;Urbain;Urbain;H1;H1c
EM69NSM271;2017-02-06;2017-02-10;4;69;OUI;281;Maternelle;Urbain;Périurbain;H1;H1c
EM69PLW318;2017-05-29;2017-06-02;4;69;NON;sans objet;Maternelle;Rural;Rural;H1;H1c
EM69SVT320;2017-05-15;2017-05-19;4;69;OUI;140;Maternelle;Rural;Rural;H1;H1c
EM69TAD289;2017-03-13;2017-03-17;4;69;OUI;140;Maternelle;Rural;Rural;H1;H1c
EM69VEN273;2017-01-09;2017-01-13;4;69;OUI;281;Maternelle;Urbain;Urbain;H1;H1c
EM70BRB201;2015-04-20;2015-04-24;2;70;OUI;160;Maternelle;Urbain;Rural;H1;H1b
EM70CIM199;2015-04-13;2015-04-17;2;70;OUI;294;Maternelle;Rural;Périurbain;H1;H1b
EM70MAH154;2014-10-13;2014-10-17;2;70;OUI;160;Maternelle;Urbain;Périurbain;H1;H1b
EM73CSA098;2014-02-17;2014-02-21;1;73;OUI;155;Maternelle;Urbain;Périurbain;H1;H1c
EM73FRK074;2013-11-18;2013-11-22;1;73;OUI;155;Maternelle;Urbain;Rural;H1;H1c
EM73LMB094;2014-02-03;2014-02-07;1;73;OUI;155;Maternelle;Urbain;Périurbain;H1;H1c
EM73LMU021;2014-01-27;2014-01-31;1;73;OUI;155;Maternelle;Urbain;Périurbain;H1;H1c
EM73MON022;2013-11-25;2013-11-29;1;73;OUI;155;Maternelle;Urbain;Périurbain;H1;H1c
EM73ROH073;2013-12-09;2013-12-13;1;73;OUI;205;Maternelle;Rural;Rural;H1;H1c
EM73SPL019;2014-06-16;2014-06-20;1;73;OUI;205;Maternelle;Rural;Rural;H1;H1c
EM74BLM088;2014-01-13;2014-01-17;1;74;OUI;205;Maternelle;Rural;Rural;H1;H1c
EM74LBJ106;2014-05-19;2014-05-23;1;74;OUI;155;Maternelle;Urbain;Rural;H1;H1c
EM74VON072;2014-03-17;2014-03-21;1;74;OUI;205;Maternelle;Rural;Rural;H1;H1c
EM75PAA229;2016-05-30;2016-06-03;3;75;OUI;181;Maternelle;Urbain;Urbain;H1;H1a
EM75PAB161;2014-11-24;2014-11-28;2;75;OUI;181;Maternelle;Urbain;Urbain;H1;H1a
EM75PAF244;2016-10-03;2016-10-07;4;75;OUI;181;Maternelle;Urbain;Urbain;H1;H1a
EM75PAH159;2015-03-23;2015-03-27;2;75;OUI;181;Maternelle;Urbain;Urbain;H1;H1a
EM75PAI297;2017-02-27;2017-03-03;4;75;OUI;181;Maternelle;Urbain;Urbain;H1;H1a
EM75PAN294;2017-01-16;2017-01-20;4;75;OUI;181;Maternelle;Urbain;Urbain;H1;H1a
EM75PAS228;2016-04-11;2016-04-15;3;75;OUI;181;Maternelle;Urbain;Urbain;H1;H1a
EM75PAY303;2017-04-24;2017-04-28;4;75;OUI;181;Maternelle;Urbain;Urbain;H1;H1a
EM75PAZ322;2017-05-15;2017-05-19;4;75;OUI;181;Maternelle;Urbain;Urbain;H1;H1a
EM81CAA203;2015-03-23;2015-03-27;2;81;OUI;103;Maternelle;Urbain;Périurbain;H2;H2c
EM81LAJ121;2014-11-17;2014-11-21;2;81;OUI;103;Maternelle;Urbain;Périurbain;H2;H2c
EM81MAG195;2015-03-30;2015-04-03;2;81;OUI;103;Maternelle;Urbain;Périurbain;H2;H2c
EM81SAI177;2015-06-01;2015-06-05;2;81;OUI;514;Maternelle;Rural;Rural;H2;H2c
EM83DRQ251;2016-04-25;2016-04-29;3;83;NON;sans objet;Maternelle;Urbain;Périurbain;H3;H3
EM83GRC235;2015-11-23;2015-11-27;3;83;OUI;145;Maternelle;Urbain;Périurbain;H3;H3
EM83GRK237;2015-11-23;2015-11-27;3;83;OUI;145;Maternelle;Urbain;Périurbain;H3;H3
EM83TOS223;2015-11-02;2015-11-06;3;83;OUI;145;Maternelle;Urbain;Urbain;H3;H3
EM87LIG140;2014-10-06;2014-10-10;2;87;OUI;107;Maternelle;Urbain;Périurbain;H1;H1c
EM87LIQ188;2015-01-26;2015-01-30;2;87;OUI;107;Maternelle;Urbain;Périurbain;H1;H1c
EM87LIR142;2014-10-13;2014-10-17;2;87;OUI;107;Maternelle;Urbain;Périurbain;H1;H1c
EM87LPY143;2014-11-03;2014-11-07;2;87;OUI;107;Maternelle;Urbain;Périurbain;H1;H1c
EM87SJM183;2015-01-12;2015-01-16;2;87;OUI;107;Maternelle;Urbain;Périurbain;H1;H1c
EM87SMH139;2014-12-01;2014-12-05;2;87;OUI;300;Maternelle;Rural;Rural;H1;H1c
EM88GSB150;2014-12-15;2014-12-19;2;88;OUI;160;Maternelle;Urbain;Rural;H1;H1b
EM88NEZ155;2014-12-01;2014-12-05;2;88;OUI;160;Maternelle;Urbain;Périurbain;H1;H1b
EM91BSK100;2014-02-03;2014-02-07;1;91;OUI;315;Maternelle;Urbain;Périurbain;H1;H1a
EM91CEU105;2014-03-10;2014-03-14;1;91;OUI;315;Maternelle;Urbain;Urbain;H1;H1a
EM91MOT070;2013-11-25;2013-11-29;1;91;OUI;315;Maternelle;Urbain;Périurbain;H1;H1a
EM91VID112;2014-03-31;2014-04-04;1;91;OUI;121;Maternelle;Rural;Périurbain;H1;H1a
EM92VLD300;2017-03-20;2017-03-24;4;92;OUI;181;Maternelle;Urbain;Urbain;H1;H1a
EM92VLQ301;2017-03-13;2017-03-17;4;92;OUI;181;Maternelle;Urbain;Urbain;H1;H1a
EM94CRC030;2013-12-02;2013-12-06;1;94;OUI;315;Maternelle;Urbain;Urbain;H1;H1a
EM94CRP092;2014-03-31;2014-04-04;1;94;OUI;315;Maternelle;Urbain;Urbain;H1;H1a
EM94LPA031;2013-10-14;2013-10-18;1;94;OUI;315;Maternelle;Urbain;Urbain;H1;H1a
